iteration,_is_super,_lambda,_scale_factor,canmx,ch_k2,ch_n2,ch_s2,cn2,epco,esco,flowmin,hk0_i:10_j:10_zone:1,hk0_i:10_j:30_zone:1,hk0_i:10_j:50_zone:1,hk0_i:30_j:30_zone:1,hk0_i:30_j:50_zone:1,hk0_i:50_j:30_zone:1,hk0_i:50_j:50_zone:1,hk0_i:70_j:50_zone:1,hk0_i:90_j:50_zone:1,lat_ttime,ov_n,percop,prf,sol_awc,sol_bd,sol_k,sol_z,ss0_i:10_j:10_zone:1,ss0_i:10_j:30_zone:1,ss0_i:10_j:50_zone:1,ss0_i:30_j:30_zone:1,ss0_i:30_j:50_zone:1,ss0_i:50_j:30_zone:1,ss0_i:50_j:50_zone:1,ss0_i:70_j:50_zone:1,ss0_i:90_j:50_zone:1,surlag,sy0_i:10_j:10_zone:1,sy0_i:10_j:30_zone:1,sy0_i:10_j:50_zone:1,sy0_i:30_j:30_zone:1,sy0_i:30_j:50_zone:1,sy0_i:50_j:30_zone:1,sy0_i:50_j:50_zone:1,sy0_i:70_j:50_zone:1,sy0_i:90_j:50_zone:1
0,0,0.1,1,1,1,0.999997,1.0001,1,1,1,1,5,1.95,0.5,2.5,6.5,1.5,0.68,2.89,1.65,1,1.00457,1,1,1,1,1.1,1,3.3e-06,3.3e-06,3.3e-06,3.3e-06,3.3e-06,3.3e-06,3.3e-06,3.3e-06,3.3e-06,1,0.2,0.35,0.45,0.36,0.17,0.08,0.29,0.45,0.16
0,0,0.1,0.75,1,1,0.999997,1.00007,1,1,1,1,5,1.95,0.5,2.5,6.5,1.5,0.68,2.89,1.65,1,1.00343,1,1,1,1,1.0741,1,3.3e-06,3.3e-06,3.3e-06,3.3e-06,3.3e-06,3.3e-06,3.3e-06,3.3e-06,3.3e-06,1,0.2,0.35,0.45,0.36,0.17,0.08,0.29,0.45,0.16
0,0,1,1,1,1,0.999997,1.0001,1,1,1,1,5,1.95,0.5,2.5,6.5,1.5,0.68,2.89,1.65,1,1.00459,1,1,1,1,1.1,1,3.3e-06,3.3e-06,3.3e-06,3.3e-06,3.3e-06,3.3e-06,3.3e-06,3.3e-06,3.3e-06,1,0.2,0.35,0.45,0.36,0.17,0.08,0.29,0.45,0.16
0,0,1,0.75,1,1,0.999997,1.00007,1,1,1,1,5,1.95,0.5,2.5,6.5,1.5,0.68,2.89,1.65,1,1.00344,1,1,1,1,1.0741,1,3.3e-06,3.3e-06,3.3e-06,3.3e-06,3.3e-06,3.3e-06,3.3e-06,3.3e-06,3.3e-06,1,0.2,0.35,0.45,0.36,0.17,0.08,0.29,0.45,0.16
0,0,10,1,1,1,0.999997,1.0001,1,1,1,1,5,1.95,0.5,2.5,6.5,1.5,0.68,2.89,1.65,1,1.00473,1,1,1,1,1.1,1,3.3e-06,3.3e-06,3.3e-06,3.3e-06,3.3e-06,3.3e-06,3.3e-06,3.3e-06,3.3e-06,1,0.2,0.35,0.45,0.36,0.17,0.08,0.29,0.45,0.16
0,0,10,0.75,1,1,0.999997,1.00007,1,1,1,1,5,1.95,0.5,2.5,6.5,1.5,0.68,2.89,1.65,1,1.00355,1,1,1,1,1.0741,1,3.3e-06,3.3e-06,3.3e-06,3.3e-06,3.3e-06,3.3e-06,3.3e-06,3.3e-06,3.3e-06,1,0.2,0.35,0.45,0.36,0.17,0.08,0.29,0.45,0.16
0,0,100,1,1,1,0.999995,1.00011,1,1,1,1,5,1.95,0.5,2.5,6.5,1.5,0.68,2.89,1.65,1,1.00639,1,1,1,1,1.1,1,3.3e-06,3.3e-06,3.3e-06,3.3e-06,3.3e-06,3.3e-06,3.3e-06,3.3e-06,3.3e-06,1,0.2,0.35,0.45,0.36,0.17,0.08,0.29,0.45,0.16
0,0,100,0.75,1,1,0.999997,1.00008,1,1,1,1,5,1.95,0.5,2.5,6.5,1.5,0.68,2.89,1.65,1,1.00479,1,1,1,1,1.0741,1,3.3e-06,3.3e-06,3.3e-06,3.3e-06,3.3e-06,3.3e-06,3.3e-06,3.3e-06,3.3e-06,1,0.2,0.35,0.45,0.36,0.17,0.08,0.29,0.45,0.16
0,0,1000,1,1,1,0.999959,1.00026,1,1,1,1,5,1.95,0.5,2.5,6.5,1.5,0.68,2.89,1.65,1,1.05678,1,1,1.00003,1,1.1,1.00002,3.3e-06,3.3e-06,3.3e-06,3.3e-06,3.3e-06,3.3e-06,3.3e-06,3.3e-06,3.3e-06,1,0.2,0.35,0.45,0.36,0.17,0.08,0.29,0.45,0.16
0,0,1000,0.75,1,1,0.999969,1.0002,1,1,1,1,5,1.95,0.5,2.5,6.5,1.5,0.68,2.89,1.65,1,1.04229,1,1,1.00002,1,1.0741,1.00001,3.3e-06,3.3e-06,3.3e-06,3.3e-06,3.3e-06,3.3e-06,3.3e-06,3.3e-06,3.3e-06,1,0.2,0.35,0.45,0.36,0.17,0.08,0.29,0.45,0.16
1,0,0.1,1,1,1,0.999949,1.00286,1,1,1,1,5,1.95,0.5,2.5,6.5,1.5,0.68,2.89,1.65,1,1.14652,1,1,1.00004,1,1.07412,1.00003,3.3e-06,3.3e-06,3.3e-06,3.3e-06,3.3e-06,3.3e-06,3.3e-06,3.3e-06,3.3e-06,1,0.2,0.35,0.45,0.36,0.17,0.08,0.29,0.45,0.16
1,0,0.1,0.75,1,1,0.999954,1.0022,1,1,1,1,5,1.95,0.5,2.5,6.5,1.5,0.68,2.89,1.65,1,1.11952,1,1,1.00003,1,1.07411,1.00003,3.3e-06,3.3e-06,3.3e-06,3.3e-06,3.3e-06,3.3e-06,3.3e-06,3.3e-06,3.3e-06,1,0.2,0.35,0.45,0.36,0.17,0.08,0.29,0.45,0.16
1,0,1,1,1,1,0.999949,1.00285,1,1,1,1,5,1.95,0.5,2.5,6.5,1.5,0.68,2.89,1.65,1,1.14652,1,1,1.00004,1,1.07412,1.00003,3.3e-06,3.3e-06,3.3e-06,3.3e-06,3.3e-06,3.3e-06,3.3e-06,3.3e-06,3.3e-06,1,0.2,0.35,0.45,0.36,0.17,0.08,0.29,0.45,0.16
1,0,1,0.75,1,1,0.999954,1.00219,1,1,1,1,5,1.95,0.5,2.5,6.5,1.5,0.68,2.89,1.65,1,1.11952,1,1,1.00003,1,1.07411,1.00003,3.3e-06,3.3e-06,3.3e-06,3.3e-06,3.3e-06,3.3e-06,3.3e-06,3.3e-06,3.3e-06,1,0.2,0.35,0.45,0.36,0.17,0.08,0.29,0.45,0.16
1,0,10,1,1,1,0.999948,1.00276,1,1,1,1,5,1.95,0.5,2.5,6.5,1.5,0.68,2.89,1.65,1,1.14652,1,1,1.00004,1,1.07412,1.00003,3.3e-06,3.3e-06,3.3e-06,3.3e-06,3.3e-06,3.3e-06,3.3e-06,3.3e-06,3.3e-06,1,0.2,0.35,0.45,0.36,0.17,0.08,0.29,0.45,0.16
1,0,10,0.75,1,1,0.999954,1.00212,1,1,1,1,5,1.95,0.5,2.5,6.5,1.5,0.68,2.89,1.65,1,1.11952,1,1,1.00003,1,1.07411,1.00003,3.3e-06,3.3e-06,3.3e-06,3.3e-06,3.3e-06,3.3e-06,3.3e-06,3.3e-06,3.3e-06,1,0.2,0.35,0.45,0.36,0.17,0.08,0.29,0.45,0.16
1,0,100,1,1,1,0.999947,1.00207,1,1,1,1,5,1.95,0.5,2.5,6.5,1.5,0.68,2.89,1.65,1,1.14652,1,1,1.00004,1,1.07412,1.00003,3.3e-06,3.3e-06,3.3e-06,3.3e-06,3.3e-06,3.3e-06,3.3e-06,3.3e-06,3.3e-06,1,0.2,0.35,0.45,0.36,0.17,0.08,0.29,0.45,0.16
1,0,100,0.75,1,1,0.999952,1.0016,1,1,1,1,5,1.95,0.5,2.5,6.5,1.5,0.68,2.89,1.65,1,1.11952,1,1,1.00003,1,1.07411,1.00003,3.3e-06,3.3e-06,3.3e-06,3.3e-06,3.3e-06,3.3e-06,3.3e-06,3.3e-06,3.3e-06,1,0.2,0.35,0.45,0.36,0.17,0.08,0.29,0.45,0.16
1,0,1000,1,1,1,0.999941,1.00058,1,1,1,1,5,1.95,0.5,2.5,6.5,1.5,0.68,2.89,1.65,1,1.14652,1,1,1.00004,1,1.07412,1.00003,3.3e-06,3.3e-06,3.3e-06,3.3e-06,3.3e-06,3.3e-06,3.3e-06,3.3e-06,3.3e-06,1,0.2,0.35,0.45,0.36,0.17,0.08,0.29,0.45,0.16
1,0,1000,0.75,1,1,0.999948,1.00049,1,1,1,1,5,1.95,0.5,2.5,6.5,1.5,0.68,2.89,1.65,1,1.11952,1,1,1.00004,1,1.07411,1.00003,3.3e-06,3.3e-06,3.3e-06,3.3e-06,3.3e-06,3.3e-06,3.3e-06,3.3e-06,3.3e-06,1,0.2,0.35,0.45,0.36,0.17,0.08,0.29,0.45,0.16
2,0,0.1,1,1,1,0.999941,1.00058,1,1,1,1,5,1.95,0.5,2.5,6.5,1.5,0.68,2.89,1.65,1,1.14652,1,1,1.00004,1,1.07412,1.00003,3.59202e-06,3.63e-06,3.62122e-06,3.59657e-06,3.60468e-06,3.61815e-06,3.59364e-06,3.60144e-06,3.62555e-06,1,0.2,0.35,0.45,0.36,0.17,0.08,0.29,0.45,0.16
2,0,0.1,0.75,1,1,0.999941,1.00058,1,1,1,1,5,1.95,0.5,2.5,6.5,1.5,0.68,2.89,1.65,1,1.14652,1,1,1.00004,1,1.07412,1.00003,3.51668e-06,3.54453e-06,3.53809e-06,3.52002e-06,3.52597e-06,3.53585e-06,3.51787e-06,3.52359e-06,3.54127e-06,1,0.2,0.35,0.45,0.36,0.17,0.08,0.29,0.45,0.16
2,0,1,1,1,1,0.999941,1.00058,1,1,1,1,5,1.95,0.5,2.5,6.5,1.5,0.68,2.89,1.65,1,1.14652,1,1,1.00004,1,1.07412,1.00003,3.53242e-06,3.63e-06,3.56054e-06,3.57064e-06,3.57417e-06,3.51416e-06,3.57622e-06,3.51807e-06,3.55654e-06,1,0.2,0.35,0.45,0.36,0.17,0.08,0.29,0.45,0.16
2,0,1,0.75,1,1,0.999941,1.00058,1,1,1,1,5,1.95,0.5,2.5,6.5,1.5,0.68,2.89,1.65,1,1.14652,1,1,1.00004,1,1.07412,1.00003,3.47283e-06,3.54453e-06,3.49354e-06,3.50096e-06,3.50356e-06,3.45935e-06,3.50507e-06,3.46224e-06,3.49059e-06,1,0.2,0.35,0.45,0.36,0.17,0.08,0.29,0.45,0.16
2,0,10,1,1,1,0.999941,1.00058,1,1,1,1,5,1.95,0.5,2.5,6.5,1.5,0.68,2.89,1.65,1,1.14652,1,1,1.00004,1,1.07412,1.00003,3.63e-06,3.63e-06,3.63e-06,3.63e-06,3.63e-06,3.63e-06,3.63e-06,3.63e-06,3.63e-06,1,0.2,0.35,0.45,0.36,0.17,0.08,0.29,0.45,0.16
2,0,10,0.75,1,1,0.999941,1.00058,1,1,1,1,5,1.95,0.5,2.5,6.5,1.5,0.68,2.89,1.65,1,1.14652,1,1,1.00004,1,1.07412,1.00003,3.54453e-06,3.54453e-06,3.54453e-06,3.54453e-06,3.54453e-06,3.54453e-06,3.54453e-06,3.54453e-06,3.54453e-06,1,0.2,0.35,0.45,0.36,0.17,0.08,0.29,0.45,0.16
2,0,100,1,1,1,0.999941,1.00058,1,1,1,1,5,1.95,0.5,2.5,6.5,1.5,0.68,2.89,1.65,1,1.14652,1,1,1.00004,1,1.07412,1.00003,3.63e-06,3.63e-06,3.63e-06,3.63e-06,3.63e-06,3.63e-06,3.63e-06,3.63e-06,3.63e-06,1,0.2,0.35,0.45,0.36,0.17,0.08,0.29,0.45,0.16
2,0,100,0.75,1,1,0.999941,1.00058,1,1,1,1,5,1.95,0.5,2.5,6.5,1.5,0.68,2.89,1.65,1,1.14652,1,1,1.00004,1,1.07412,1.00003,3.54453e-06,3.54453e-06,3.54453e-06,3.54453e-06,3.54453e-06,3.54453e-06,3.54453e-06,3.54453e-06,3.54453e-06,1,0.2,0.35,0.45,0.36,0.17,0.08,0.29,0.45,0.16
2,0,1000,1,1,1,1.00058,1.00053,1,1.00052,0.999959,1,5,1.95,0.5,2.5,6.5,1.5,0.68,2.89,1.65,1,1.15368,1,1,1.00004,1.00001,1.07407,1.00004,3.63e-06,3.63e-06,3.63e-06,3.63e-06,3.63e-06,3.63e-06,3.63e-06,3.63e-06,3.63e-06,1,0.2,0.35,0.45,0.36,0.17,0.08,0.29,0.45,0.16
2,0,1000,0.75,1,1,1.00042,1.00054,1,1.00039,0.99997,1,5,1.95,0.5,2.5,6.5,1.5,0.68,2.89,1.65,1,1.15188,1,1,1.00004,1.00001,1.07408,1.00004,3.54453e-06,3.54453e-06,3.54453e-06,3.54453e-06,3.54453e-06,3.54453e-06,3.54453e-06,3.54453e-06,3.54453e-06,1,0.2,0.35,0.45,0.36,0.17,0.08,0.29,0.45,0.16
